FEN,Moves,Rating,Themes
6k1/5p2/q3pB2/3b2P1/P7/1P6/2B5/1K1R4 b - - 0 48,a6b7 d1d4 g8f8 d4h4 f8e8 g5g6 d5b3 g6g7 b3c2 b1c2 b7g2 c2b3 g2g3 f6c3 g3h4 g7g8q,2918,advancedPawn crushing endgame promotion quietMove veryLong
8/6p1/1p1k1pb1/p1pp2p1/3P4/P1PNKPP1/1P5P/8 w - - 0 43,b2b4 c5b4 c3b4 g6d3 e3d3 a5b4 a3a4 b6b5,2918,crushing endgame veryLong
4r1k1/1p3ppp/1qn5/4p1R1/2B1Q3/PpP1PP1P/3r4/1K5R w - - 0 25,c4f7 g8f7 e4h7 e8e7 g5g7 f7e8,2918,crushing defensiveMove long middlegame quietMove
3r2k1/ppp3pp/4p3/1P1pP3/PP4P1/2B4q/3KQ3/1R6 w - - 1 31,a4a5 d5d4 c3b2 d4d3 e2f2 d8f8 f2g1 f8f4,2918,advantage endgame veryLong
3rkb1r/pQp2ppp/4b3/2p1P1q1/3P4/3B4/PPP2PPP/RN2K2R w KQk - 1 12,b7c7 g5c1 e1e2 e6g4 f2f3 c1h1 d3b5 g4d7 b5d7 d8d7,2918,crushing middlegame veryLong
8/p4pk1/7p/3Pq1p1/2R2p2/2PQ2nP/PP4P1/6K1 w - - 2 35,d3d1 e5e3 g1h2 g3e2 d1e1 h6h5 d5d6 g5g4,2918,crushing endgame quietMove veryLong
4r1k1/5qp1/p2p3p/Pp6/3p1B2/3b2PP/1P3Q2/R4R1K w - - 0 32,f1d1 e8e2 f2f1 d3e4 h1g1 d4d3,2918,advantage exposedKing long middlegame
3r4/7p/4kp2/p2N2p1/2P5/1PK5/P5PP/8 b - - 1 36,d8d5 c4d5 e6d5 b3b4 a5b4 c3b4 f6f5 b4c3,2919,advantage defensiveMove endgame veryLong
r4r2/ppp3pp/2nkB3/6q1/2PPQn2/P7/2P3PP/4RRK1 b - - 0 18,b7b6 f1f2 f8f6 e6g4,2919,crushing defensiveMove master middlegame short
8/8/p7/3k1pp1/PP2p3/2K3P1/5P2/8 w - - 0 54,c3b3 f5f4 g3f4 e4e3 f2e3 g5g4 e3e4 d5c6 f4f5 g4g3,2919,crushing defensiveMove endgame pawnEndgame quietMove sacrifice veryLong
r6r/1pqbbpk1/p2pp1p1/4P2P/1n3P2/1NN1B2Q/PPP4P/4RRK1 w - - 1 19,f4f5 g6f5 e5d6 e7d6,2919,advantage middlegame short
6k1/5pp1/n3p2p/1q1pN3/8/4PB1P/Q4PPK/2r5 b - - 3 36,a6c5 a2a8 g8h7 e5f7 b5b2 a8h8 h7g6 h8g8 g6f6 f3h5,2920,crushing defensiveMove deflection endgame veryLong
8/5k2/8/6P1/KP6/P7/8/2b5 b - - 0 49,f7g6 b4b5 c1e3 a4a5 g6g5 b5b6 g5f4 a5b5,2920,bishopEndgame crushing defensiveMove endgame quietMove veryLong
8/6p1/2p1p2p/p1P1k3/P3P3/4K3/6PP/8 w - - 3 35,e3d3 h6h5 d3e3 h5h4 e3f3 e5d4 f3f4 g7g6,2920,crushing defensiveMove endgame pawnEndgame quietMove veryLong zugzwang
r5k1/5p1p/8/2r1PQPP/5P2/1qp5/2Rp3K/3R4 b - - 0 37,a8a2 f5f6 a2a8 h5h6 g8f8 g5g6,2920,crushing endgame long
6k1/7p/1R1P2p1/p1P5/8/1p1r3P/6P1/6K1 b - - 1 41,a5a4 g1h2 g8g7 c5c6 d3d6 c6c7 d6b6 c7c8q,2920,advancedPawn crushing endgame master promotion rookEndgame veryLong
r5nk/1p3ppp/p7/3P4/q2B2Q1/3B2PP/2R3K1/4r3 b - - 1 30,f7f6 g4f5 g7g6 d4f6 g8f6 f5f6 h8g8 c2c7 a4a2 g2f3 e1f1 d3f1,2920,advantage middlegame veryLong
r6Q/1p2kp1p/p7/q5N1/1b6/8/PPPB1PbP/R3K2R w KQ - 1 18,h8a8 b4d2 e1d1 a5d5 a8b7 d5b7,2921,crushing fork long middlegame
4r1k1/p1p2p2/1p3Qp1/2b5/6R1/2B3P1/PPq2P1P/6K1 b - - 1 24,c2d1 g1g2 d1d5 g2h3 g8f8 b2b4,2921,crushing endgame long
2r5/R4kpp/4Np2/1p1rpN2/6P1/7P/2p2PK1/8 b - - 1 33,f7g8 f5e7 g8h8 e7c8 c2c1q c8e7 d5d8 e6d8,2921,advantage endgame fork master veryLong
r6r/6pp/1p2p3/2p3k1/1p1q2P1/1P1Q4/P4P1P/3R1RK1 b - - 1 23,a8d8 h2h4 g5h6 d3g3,2921,crushing defensiveMove endgame short
8/7p/4k1p1/4B2n/p1Pp2P1/1p1K3P/1P3P2/8 w - - 0 35,g4h5 e6e5 h5g6 h7g6 h3h4 e5d6 f2f4 d6c5 f4f5 g6f5 h4h5 c5b4 d3d2 a4a3,2922,crushing endgame hangingPiece veryLong
8/4b1pk/2R1P1qp/3p4/3P4/5P1P/4QP2/1rN4K w - - 5 43,h1h2 e7d6 h2h1 g6f5 f3f4 f5f4 e2c2 g7g6 h1g1 f4h2 g1f1 h2h3,2922,crushing endgame veryLong
8/7k/4KR1p/5P1r/8/8/8/8 b - - 0 67,h5g5 f6f7 h7g8 f7e7,2922,crushing defensiveMove endgame rookEndgame short
5rk1/2p2p2/pp2p1p1/4P1Qp/3r4/PB3R1P/2P3PK/4q3 b - - 3 33,d4e4 b3e6 g8g7 g5f6 g7h6 e6f7 f8f7 f6h8 f7h7 h8f8,2922,crushing deflection endgame kingsideAttack veryLong
3Qqk2/6p1/p6p/P2p4/3Pp1P1/2p1P3/5PPK/8 w - - 12 44,d8d5 e8c8 g4g5 c3c2 g5h6 c8c7,2922,advancedPawn crushing endgame long queenEndgame
4rrk1/ppp2ppp/3n4/3P4/2P3Q1/1PN3P1/P2q1P1P/R3R1K1 w - - 1 20,c3e4 d6e4 e1e4 d2c3 a1d1 f7f5,2923,advantage long middlegame
8/2p2k2/2Pp4/3PpKPp/7P/8/8/8 b - - 0 43,f7e7 f5g6 e5e4 g6h6 e4e3 g5g6 e3e2 g6g7 e2e1q g7g8q,2923,advancedPawn crushing endgame pawnEndgame promotion veryLong
r7/2p2pbk/2q4p/1pNpPP2/1P2b2Q/r3B2P/8/4RRK1 b - - 0 29,a3a2 c5e4 d5e4 f5f6 a8g8 f6g7 g8g7 g1h1 g7g2 h4f4 g2h2 f4h2 a2h2 h1h2,2923,advancedPawn crushing middlegame veryLong
4rr2/p6Q/2p1b1p1/4Rp2/1q3Pk1/6P1/PPP4P/R5K1 b - - 0 25,f8h8 h2h3 g4g3 h7g6 g3f4 e5f5 e6f5 a1f1 f4e3 g6g5,2924,advantage middlegame sacrifice veryLong
rn2kb1N/p1p1p1pp/1p3n2/3N4/2B5/3P4/PPPKQP2/q7 b q - 1 15,f6d5 e2e6 b8d7 e6f7 e8d8 f7d5,2924,crushing fork long middlegame
4r2k/8/1p2r3/4Ppp1/QP3Pqp/P2P2P1/2P2R1P/R5K1 w - - 0 30,f4g5 h4g3 h2g3 g4g3 f2g2 g3e5 g2h2 h8g7 a1f1 e5d4,2924,crushing endgame veryLong
1k4rq/1p6/p7/2b1p3/2N1Q2n/3P1nP1/PPP4P/2R1R2K w - - 9 30,e1f1 g8g3 h2g3 h8c8 g3g4 c8h8,2924,advantage clearance defensiveMove long middlegame quietMove sacrifice
1b2r1k1/5pp1/p2P1n2/1pp1nN1p/4P3/PPQ2B1P/1B4Pq/4RK2 b - - 0 28,e5f3 c3f3 b8d6 f5g7 d6g3 e1d1 e8e4 d1d8 f6e8 d8e8 e4e8 g7e8 h2h1 f1e2 h1e1 e2d3 e1b1 d3e3,2924,advantage defensiveMove middlegame quietMove veryLong
2kr1b1r/ppp2ppp/2n2n2/3P2N1/2P1p2q/8/PP2BP2/RNBQ1RK1 w - - 2 15,g5f7 f8d6 f7d6 d8d6 g1g2 f6d7 e2h5 h8f8 f2f4 e4f3,2924,advantage enPassant opening quietMove veryLong
r1b2rk1/p2n1ppp/1qp1p3/2pp4/3P3Q/2N1P3/PPP2P1P/2KR1BR1 b - - 4 14,c8a6 c3a4 b6b4 a4c5 f8b8 c5a6,2925,crushing long middlegame
6k1/pbpp2r1/1p2p3/3P4/2q5/6PQ/P3R3/4R1K1 w - - 0 36,e2f2 g7h7 h3f1 c4d4 e1e4 b7d5 e4g4 g8h8 g4h4 h7h4,2925,crushing endgame veryLong
3R1nk1/5pp1/4qP2/4n1pN/1p6/1P2B1Q1/2r3PK/3R4 w - - 3 40,g3g5 e5f3 h2g3 f3g5 d8f8 g8h7 e3g5 e6b3,2925,advantage middlegame pin veryLong
8/p5k1/3n4/4N1K1/7P/2p5/P5P1/8 w - - 0 41,h4h5 d6f7 g5f4 f7e5 f4e3 g7f6 e3e2 f6f5,2925,crushing defensiveMove endgame knightEndgame veryLong
8/4kpp1/pp6/3P3p/PP1K4/7P/6P1/8 w - - 0 37,b4b5 a6b5 a4b5 h5h4 d4e5 e7d7,2925,crushing defensiveMove endgame long pawnEndgame quietMove
8/8/p5kp/1pP5/1P3r2/P7/2R5/4K3 b - - 1 46,f4e4 e1d2 g6f5 d2d3 e4e8 c2f2 f5e6 f2e2,2925,clearance crushing defensiveMove endgame rookEndgame veryLong
3q4/3P2bk/Q7/6p1/4R1p1/1P1B4/1r4rP/3R2K1 w - - 2 37,g1f1 b2f2 f1e1 g7c3 d1d2 h7g7,2925,advantage defensiveMove exposedKing long middlegame pin
8/4k3/1p1p2p1/3Pp1Pp/2P1K2P/1P6/8/8 w - - 2 41,e4e3 b6b5 e3d3 e7d8 d3e4 d8d7,2926,crushing defensiveMove endgame long pawnEndgame zugzwang
2r2rk1/1Q3ppp/5n2/p3N3/P1P2q2/3P4/6PP/1RR4K w - - 0 23,e5c6 c8c7 b7b8 f4d6 c4c5 d6c6,2927,crushing long middlegame
r2q3r/ppk3pp/2p2n2/2b1p1Q1/3nPP2/1B6/PPPP2PP/RNB2RK1 w - - 5 12,g5e5 c7b6 g1h1 h8e8 e5g5 h7h6 g5h4 g7g5 h4e1 f6e4,2927,advantage defensiveMove middlegame veryLong
8/8/8/1N1pk3/p7/P1P2K2/1b5P/8 w - - 0 46,f3g4 e5e4 b5d6 e4d3 d6c8 b2c3 c8b6 c3d4,2927,crushing defensiveMove endgame veryLong
4r3/6kp/p4Rp1/1pq3P1/3pB3/3Pp2P/PP2Q3/6K1 w - - 7 36,f6a6 e8e4 d3e4 d4d3 e2g4 c5c1,2927,advantage endgame long sacrifice
5q2/pk3P1R/4P3/1p1pK3/2pP4/2P5/PP3b2/8 b - - 2 49,f8b8 e5f5 b8f8 f5g6 b7b6 h7h8,2927,crushing defensiveMove endgame long
2r3k1/6p1/1P3p1p/8/3QPB2/bb4P1/q4PBP/6K1 b - - 0 31,c8c1 f4c1 a2b1 d4d8 g8h7 g2h3 b1c1 g1g2 b3c4 h3f5 g7g6 d8d7 h7h8 d7e8 h8g7 e8g6 g7f8 g6f6,2928,crushing deflection middlegame quietMove veryLong
rn4k1/q4pp1/1b2p2p/1pP1P3/1Q6/p4N2/B4PPP/3R2K1 b - - 0 23,b6c5 d1d8 g8h7 f3g5 h6g5 b4g4 c5f2 g1f1 g7g6 g2g3,2928,crushing defensiveMove middlegame sacrifice veryLong
3r1rk1/1pp2ppp/pq1b4/3p3P/3P2R1/5N2/PPPQ1PP1/5K1R b - - 2 24,b6b2 d2h6 b2b5 c2c4 b5b1 f3e1,2928,crushing defensiveMove long middlegame pin
8/8/3k1ppp/p7/1ppPK1PP/2P5/PP6/8 w - - 4 35,c3b4 a5b4 d4d5 f6f5 g4f5 g6g5 h4g5 h6g5 e4d4 g5g4,2929,crushing defensiveMove endgame pawnEndgame veryLong
8/8/p2pK3/2pP4/2k5/8/P5P1/8 b - - 1 45,c4d4 e6d6 c5c4 d6e6 c4c3 d5d6 c3c2 d6d7 c2c1q d7d8q d4e4 d8h4 e4d3 e6d5,2929,advancedPawn crushing defensiveMove endgame pawnEndgame promotion veryLong
1q6/4k3/1Pp1p1r1/4Pp1p/3Q3B/8/P6K/8 b - - 3 43,e7f8 d4d8 b8d8 h4d8 g6g4 d8c7 g4a4 a2a3,2929,crushing defensiveMove endgame quietMove veryLong
1k1r4/2q1bp2/1p6/pNp1pQp1/P1Nr2P1/1P4nP/2P5/R4RK1 b - - 3 24,c7c6 f5f3 c6f3 f1f3,2929,advantage middlegame short
8/pp6/2p3k1/4K3/1P6/2P5/8/8 b - - 3 54,g6f7 e5d6 f7f6 c3c4 c6c5 b4c5 a7a5 d6c7 a5a4 c7b7 a4a3 c5c6 a3a2 c6c7 a2a1q c7c8q,2929,advancedPawn crushing endgame pawnEndgame promotion quietMove veryLong
8/R4Rpk/7p/3pq3/2p5/7P/5PP1/6K1 w - - 0 30,f7g7 e5g7 a7g7 h7g7 g1f1 g7f6 f1e2 f6e5 h3h4 e5f4 g2g3 f4g4,2930,crushing endgame queenRookEndgame veryLong
8/8/2p3p1/2k4p/4KP1P/6P1/8/8 b - - 0 39,c5b4 g3g4 h5g4 e4e3 c6c5 h4h5,2930,crushing endgame long pawnEndgame
8/8/4pk1p/pp2r3/3K3P/PPP3R1/8/8 b - - 3 39,h6h5 g3g6 f6g6 d4e5 g6f7 e5d4 f7f6 c3c4 e6e5 d4d5,2930,crushing deflection endgame rookEndgame veryLong
r2k3r/pp2bR1p/3p3q/2pN2p1/Q2nP1n1/6B1/PP4PP/3R2K1 b - - 5 18,h8e8 d1d4 c5d4 a4a5 b7b6 d5b6 a7b6 a5a8,2930,crushing exposedKing master middlegame sacrifice veryLong
rnbq1rk1/ppp1b1pp/3p4/3pP3/3P3P/3B1NP1/PPP5/R1BQK2R w KQ - 0 12,d3h7 g8h7 f3g5 h7g8 d1h5 c8f5 e1g1 d8c8 g3g4 f5c2 g5f7 c2h7 f7h6 g7h6,2931,advantage clearance hangingPiece opening quietMove veryLong
7r/4b3/Rp2r1p1/2pk3p/4p2P/2P4B/1PK5/4R3 b - - 3 32,e6e5 e1d1 d5c6 a6a7 h8d8 a7e7 d8d1 e7e5,2931,advantage endgame master veryLong
8/8/1kp2p2/4p1p1/B3P1Pp/1PP1nP2/7P/2K5 w - - 1 46,c3c4 c6c5 c1d2 e3g2,2931,advantage defensiveMove endgame quietMove short
8/4K1pp/8/4kp2/4p3/4P3/5PPP/8 b - - 1 34,g7g5 e7f7 f5f4 h2h3 e5d5 f7f6 f4e3 f2e3,2932,crushing endgame pawnEndgame quietMove veryLong
r6k/p1bb1pp1/3n3p/3N4/8/P1BB4/1PP2PPq/R2Q1K2 w - - 1 21,d1f3 h2h1 f1e2 a8e8 d5e3 h1a1 f3g3 d6f5 g3c7 f5e3 f2e3 a1g1,2932,crushing middlegame veryLong
5rk1/1pp3pp/p1Pb4/6q1/7n/1P1R2P1/PBPN2rP/R2Q1NK1 w - - 1 24,g1h1 g5f5 d1e1 f5h3 e1e4 f8f2 e4d5 g8h8,2932,advantage clearance defensiveMove middlegame veryLong
r3r1k1/pp3ppp/2n1bq2/2pP4/5P2/5B2/PP4PP/RN1Q1RK1 b - - 0 15,f6b2 d1d2 b2d4 d2d4 c6d4 d5e6,2932,advantage long middlegame
3rr3/pp4Rp/2n2p2/1Nk2q2/8/2B1PP1P/PP2BK2/7R b - - 4 20,a7a6 g7b7 f5g5 b2b4 c6b4 c3d4 d8d4 h1c1 c5d5 b5c7 d5d6 c7e8,2932,crushing fork middlegame sacrifice veryLong
r3r1k1/pp2bppp/2n5/2qp3b/5B2/2PB1N1P/PP3PP1/R2QR1K1 w - - 4 15,d3h7 g8h7 f3g5 h7h6 g5f7 h6g6 f7e5 c6e5 d1c2 g6f7 e1e5 h5g6,2932,advantage clearance hangingPiece master masterVsMaster middlegame veryLong
5rk1/4q1pp/5P2/p1p1p2Q/2P1P2P/r2P1R2/8/5R1K b - - 0 36,f8f6 f3f6 g7f6 h5g4 g8h8 g4c8 h8g7 f1b1,2932,crushing defensiveMove endgame veryLong
8/8/8/5k2/2pp4/8/1b4P1/3R1K2 w - - 0 49,f1e2 f5e4 d1e1 c4c3 e2d1 e4d3 e1e2 b2a3 e2f2 d3c4 f2f4 c4b3,2932,crushing defensiveMove endgame quietMove veryLong
8/p7/1p6/4N1p1/6P1/8/k5PK/8 w - - 0 56,h2g3 a2b3 g3f3 a7a5 f3e4 b3c3 e5f7 a5a4,2933,crushing defensiveMove endgame knightEndgame quietMove veryLong
2r3qr/p3kp2/1p1b1n2/1Q2P2p/B2P4/2P4p/PP3PK1/RNB1R3 w - - 0 25,g2h3 g8g4 h3h2 c8g8 e5d6 e7d8 e1e8 f6e8 b5d7 g4d7 a4d7 d8d7,2933,advantage clearance middlegame pin quietMove sacrifice veryLong
8/8/6pk/6qp/8/5K1P/3Q4/8 w - - 4 52,d2g5 h6g5 f3g3 g5f6 g3f2 g6g5 h3h4 g5g4,2934,crushing defensiveMove endgame quietMove veryLong zugzwang
r5k1/1b3q1p/3p2pB/2pP4/1pP1B1P1/7P/1QP2r2/4R1K1 b - - 2 31,a8a3 e4f5 a3c3 b2c3 b4c3 f5e6,2934,crushing long middlegame pin sacrifice
8/6pp/5p2/4p3/p1k3P1/B6P/4KP2/8 w - - 8 45,e2d2 c4b3 a3c1 a4a3 c1a3 b3a3 d2c3 g7g5 c3d3 a3b3 d3e4 b3c2 e4f5 h7h6,2935,bishopEndgame crushing defensiveMove endgame quietMove veryLong zugzwang
r4r1k/pppqpp2/3p1nQ1/7p/2B1P2P/2NP1n2/PPP2P2/R4K1R w - - 1 15,c4f7 f8f7 g6f7 f3e5 f7b3 d7g4 d3d4 g4f3,2935,advantage middlegame sacrifice veryLong
8/8/7k/1R5P/3P4/4K3/1p5r/8 b - - 0 49,h2h5 b5b2 h6g6 b2f2 h5f5 f2e2 f5f8 e3d3,2935,crushing defensiveMove endgame quietMove rookEndgame veryLong
4k2r/8/5PP1/4p3/1pPpN3/pP1P4/r7/5RK1 b - - 1 48,h8h2 f6f7 e8d7 e4f2 a2f2 f1f2 h2f2 g6g7 f2f7 g7g8q,2935,advancedPawn crushing endgame promotion quietMove sacrifice veryLong
5r1k/p1p4B/2b1pbQ1/6p1/3P4/q1P2NB1/Pr3PPP/R3K2R w KQ - 3 21,f3g5 a3c3 e1f1 b2f2 g3f2 f6g5,2936,crushing long middlegame
rn3b1r/pp3Bpp/2b5/2p1k1B1/1n2PP2/8/PPP3PP/3RK2R b K - 0 15,e5e4 e1f2 b4c2 f7b3 c2d4 h1e1 e4f5 d1d4,2936,crushing deflection middlegame veryLong
3q1r1k/1p4pp/8/p7/Pb1r4/5R1Q/1P3nPP/R1B2NK1 w - - 0 25,f3f2 d4d1 c1g5 b4c5 g5d8 c5f2 g1h1 d1a1,2936,advantage middlegame pin sacrifice veryLong
k3r3/2R5/5p2/NR1P4/1p6/4p2P/PP2KPr1/8 w - - 0 45,e2f3 g2f2 f3g4 e8g8 g4h5 f2h2 h5h4 f6f5 b5b4 e3e2 c7e7 h2g2,2937,advancedPawn crushing defensiveMove endgame exposedKing master quietMove veryLong
8/6RP/p7/5kp1/2P5/7r/3K4/8 b - - 2 49,f5e4 g7d7 g5g4 d2e1 e4e5 c4c5,2937,advantage defensiveMove endgame long quietMove rookEndgame
3rR2k/p6p/1p1q2p1/2pr4/8/8/PP2QPPP/4R2K b - - 5 25,d8e8 e2e8 h8g7 e1e7 g7h6 e8f8 h6g5 h2h4 g5h4 g2g3 h4g5 e7e5 d6e5 f2f4 g5g4 f4e5,2937,attraction crushing endgame fork veryLong
8/8/8/6k1/3P3p/2P1N1p1/4K2b/8 w - - 0 49,e3g2 h2g1 e2f3 h4h3 g2e1 g5h4,2937,crushing defensiveMove endgame long
8/5pp1/2k4p/p1P5/3K4/P5P1/7P/8 w - - 1 46,a3a4 h6h5 h2h3 g7g6 d4c4 h5h4 g3h4 f7f6 c4d4 f6f5 d4c4 f5f4 c4d4 f4f3 d4e3 c6c5,2938,crushing endgame master pawnEndgame quietMove veryLong zugzwang
1B4k1/2r2pbp/P1B3p1/4q3/Q7/7P/4nPP1/2R3K1 w - - 2 33,g1f1 e2c1 a4d1 e5a1 b8c7 a1a6,2938,crushing hangingPiece long master middlegame
8/5P2/6qk/4K1N1/5B2/6P1/8/8 b - - 4 80,g6g7 e5d5 h6h5 f4d6 h5g5 f7f8q g7b7 d5d4,2938,advancedPawn clearance crushing defensiveMove endgame promotion quietMove veryLong
6k1/5pp1/1p3b1p/p1pB3P/6q1/1P1P2P1/2P2P2/4Q1K1 b - - 2 25,f6d4 e1e8 g8h7 g1g2,2938,advantage defensiveMove endgame master short
r1b1kb1Q/ppp4p/2n5/7n/2Ppp2q/P2B4/1P4PP/RNBK2NR w q - 0 14,d3e2 c8f5 h8g8 h5g7,2938,crushing defensiveMove master opening quietMove short
2N4b/8/1p4pp/1Pp2p2/Pk3P2/1P2Pn1P/2K5/8 b - - 2 39,b4a5 c8e7 f3e1 c2d1 a5b4 e7d5,2939,advantage defensiveMove endgame long
8/r5p1/3p4/2pP1k1P/2P2P2/pK6/R7/8 w - - 2 42,a2g2 a3a2 g2a2 a7a2 b3a2 f5g4,2939,advancedPawn crushing endgame long rookEndgame
r2q2k1/1b3rpp/p2bQ3/1p6/8/NBP5/PP3PnP/3RR1K1 b - - 0 19,d6h2 g1f1 d8f8 d1d7 g2e1 d7b7,2941,crushing defensiveMove long middlegame pin sacrifice
2r5/4Q2p/3R1ppk/5b2/2P2P2/P6P/1b3qP1/4RB1K w - - 3 45,d6e6 b2d4 e6e3 d4c5 e7f6 c8e8 f6g5 h6g7 e3e7 e8e7 e1e7 g7g8,2941,advantage defensiveMove fork middlegame quietMove veryLong
7r/p1p3k1/1p2p2p/n3PP1Q/P1PP3P/8/3q2P1/5RK1 b - - 0 30,d2d4 g1h1 e6f5 f1d1 d4c4 d1d7,2941,advantage defensiveMove endgame long sacrifice
r1n1k2r/pppqn1p1/3p2pp/2PN2B1/3P4/5PP1/PP2Q1P1/R3K2R b KQkq - 2 18,d6c5 d5e7 c8e7 h1h4 e8g8 g5e7 f8e8 h4e4,2941,crushing defensiveMove middlegame veryLong
5Q2/pppR2p1/2n1p3/8/2k4B/2P1qP2/PP1r2PP/5K2 w - - 5 33,b2b3 c4c3 d7d2 c3d2 h2h3 e3e5,2941,advantage defensiveMove endgame long
8/p5p1/2pk1p2/1p1p1P2/3P2P1/P1P3K1/1P6/8 b - - 2 40,c6c5 d4c5 d6c5 g3h4 c5c4 h4h5 c4b3 h5g6 b3b2 g6g7 b2c3 g4g5 d5d4 g5f6,2941,crushing endgame pawnEndgame veryLong
2r2rk1/5pp1/p1n2q1p/8/Pp5P/1B2PPB1/1PQ5/R3K2R w KQ - 1 23,c2e4 c8e8 e4f4 f6b2 e1g1 b2b3,2941,advantage fork long middlegame
4q3/1Q1N2kp/3p4/1p1Pn3/1Pp2p2/P4B1P/6PK/8 b - - 0 46,e5d7 b7b5 c4c3 b5c6,2942,advantage endgame master short
8/8/5p1p/8/8/3N2pk/5K2/8 w - - 0 67,f2g1 h3g4 d3c5 f6f5 c5d3 f5f4 d3e5 g4h3,2942,crushing defensiveMove endgame knightEndgame quietMove veryLong zugzwang
r1q1r1k1/bp3pp1/p6p/3N4/1P5n/P3P3/1B2BPK1/1Q1RR3 w - - 1 22,g2h2 a7b8 f2f4 e8e3 e2f1 b8f4 d5f4 h4f3 h2h1 c8g4,2942,advantage deflection exposedKing fork middlegame veryLong
2b1r1k1/1p5p/p2Qpqpn/3pN3/3P1r2/1N6/PP5P/1BR1R1K1 w - - 2 27,b1d3 h6f7 e5f7 f4g4 d6g3 g4g3 h2g3 f6f7,2942,crushing middlegame sacrifice veryLong
2r3k1/2P5/7p/p1r5/3qnpQ1/P3p2P/6P1/2R2NK1 b - - 1 35,e4g5 g4c8 g8f7 c8b7 e3e2 g1h1,2942,advantage defensiveMove hangingPiece long middlegame quietMove
2kr3r/bp4p1/p1pp1pn1/P7/2P1PPq1/1PNQ1Rp1/1B2N1K1/7R w - - 0 23,h1h8 d8h8 f3g3 g4f4 e2f4 g6f4 g2f3 f4d3,2942,crushing exposedKing fork interference middlegame veryLong
7r/p4kq1/2p2br1/5pB1/4pP1P/2PbQ3/PP4P1/3RR2K b - - 2 29,f7e6 e3d3 f6g5 e1e4 f5e4 d3e4 e6f7 f4g5,2943,crushing discoveredAttack middlegame pin sacrifice veryLong
4r3/4B1pk/1Q1P3p/1N1q1p2/8/7P/2p2Pb1/4R1K1 w - - 0 33,b5c7 d5f3 b6e3 e8b8 d6d7 b8b1,2943,advantage long middlegame quietMove
4Rn1k/4bQp1/7p/4P3/q1pP4/2PK3P/6P1/8 w - - 0 36,d3e4 a4c2 e4e3 c2c3 e3f2 c3d4,2943,crushing deflection endgame long
8/8/1p3kp1/1pp4p/1P3K1P/P1P5/6P1/8 b - - 0 35,f6e6 b4c5 b6c5 f4e4 e6d6 e4d3 c5c4 d3d4 d6c6 a3a4,2944,crushing endgame pawnEndgame veryLong
r3k2r/pbp5/1p1p1np1/3qp1Q1/8/P2P3B/1PP5/2K2R1R b kq - 1 25,f6d7 h3f5 h8h1 f5g6 d5f7 g6f7,2944,attackingF2F7 crushing exposedKing long middlegame sacrifice
8/2p5/1p1p4/p2B1P2/P1K1Pk2/1P6/1b6/8 b - - 8 49,b2a3 f5f6 a3b2 f6f7 b2g7 c4b5 f4g5 b3b4 g5f6 b4a5,2944,advancedPawn bishopEndgame crushing endgame veryLong
8/p7/4p1k1/5p2/3P3p/2P1P3/P3K3/8 b - - 1 36,g6g5 e2f3 a7a6 a2a3 g5f6 f3g2,2944,crushing defensiveMove endgame long pawnEndgame quietMove zugzwang
r1b2rk1/ppp2ppp/4p3/4P3/3PB1Q1/2P5/P5PP/qN3RK1 b - - 1 18,h7h6 e4d3 c8d7 g4e4 f7f5 e5f6,2945,clearance crushing enPassant long middlegame quietMove
8/3Q4/3bqkPp/2p2p2/P1Pp2P1/1P4B1/6K1/8 w - - 3 42,d7h7 e6e4 g2h2 d6g3 h2g3 f5f4,2945,attraction crushing endgame exposedKing long
2k2r2/ppp3p1/q1n1p3/4p3/1P2P3/NRP1BP1K/P1Q4p/5RrB w - - 2 27,e3g1 a6f1 h3h2 f8h8 h2g3 h8h3 g3g4 h3h6,2945,crushing exposedKing fork middlegame veryLong
8/8/6pB/5kbp/8/5K1P/8/8 w - - 6 40,h6g5 f5g5 f3g3 g5f6 g3f2 g6g5 f2e2 f6e6,2946,crushing defensiveMove endgame quietMove veryLong zugzwang
r7/PR6/8/8/1P3p2/3K2p1/7k/8 w - - 0 39,b4b5 f4f3 b5b6 f3f2 b7f7 h2h1 d3c3 g3g2 b6b7 a8a7 f7h7 h1g1 b7b8q a7h7 b8b1 f2f1q,2946,advancedPawn crushing endgame promotion rookEndgame skewer veryLong
8/1B6/4k3/2P3p1/3K1p2/5P2/8/3b4 b - - 1 44,g5g4 b7c8 e6e7 f3g4,2946,endgame master
4k2r/pp3pp1/3Bp3/q2p3p/3P4/1QbBPN1P/4K1P1/7n b k - 1 22,a5b6 d3b5 e8d8 f3g5 h1g3 d6g3,2946,crushing long middlegame
2r1r3/1p5p/pB1p1Qpk/2PPn2q/1P3p2/8/P5PP/3RR1K1 w - - 4 31,c5d6 h5g4 e1f1 e5d7 f6f4 g4f4,2946,advantage fork long middlegame
8/8/3R2K1/2r4P/3p4/6k1/8/8 b - - 2 52,g3f4 d6d4 f4e5 d4d8 c5c6 g6g5 c6c3 d8e8,2947,advantage endgame quietMove rookEndgame veryLong
8/5p2/6pp/8/p2N4/2k2K1P/5PP1/8 w - - 4 46,d4e2 c3d2 e2d4 a4a3 f3e4 f7f5,2947,advantage defensiveMove endgame knightEndgame long
1r3k2/1p2brq1/2p1Q3/p2pP3/8/2P3P1/PP5P/R4R1K b - - 5 35,f7f1 a1f1 f8e8 f1f4 e8d8 f4f7 g7g5 h2h4,2948,advantage endgame quietMove veryLong
2r1k2r/4pp1p/p4npQ/q3n3/1p1N4/1P1B4/P1P1N1bP/1K1RR3 b k - 1 19,f6d5 e1g1 e5g4 h6g7 h8f8 g1g2,2949,advantage long middlegame
6k1/2q2ppp/1pn1p2n/3pP2N/r1bP2P1/4QN1P/1r3PB1/2R1R1K1 b - - 15 25,a4a2 e3g5 f7f6 e5f6 b2f2 h5f4,2949,advantage long middlegame
r4k1N/p1p2Bpp/1b6/2p3q1/4n3/5P2/PP4KP/R3Q2R w - - 4 24,g2f1 e4d2 f1e2 c5c4 e1d2 g5g2 e2d1 g2f3 d1c2 f3e4,2950,crushing deflection exposedKing fork middlegame quietMove sacrifice veryLong
2k5/2p5/4P3/p2P1K1p/7B/8/1b6/8 b - - 1 46,a5a4 d5d6 c7d6 f5g6 a4a3 e6e7 c8d7 g6f7,2950,advancedPawn bishopEndgame crushing defensiveMove endgame master veryLong
5rk1/p6p/2p1R1p1/2q2P2/2p3P1/2Bb2NP/P1n3Q1/7K b - - 4 34,c5a3 g2d2 a3c5 e6e5,2950,advantage middlegame short
3r4/8/4N3/p4pk1/1pP5/1P2K3/8/8 b - - 1 47,g5g4 e6d8 f5f4 e3d2 f4f3 d8e6 f3f2 d2e2 g4g3 e2f1,2950,crushing endgame hangingPiece quietMove veryLong
8/1Q4p1/pp6/2b3k1/P1Bp2q1/3Pn3/1PP1K1PP/R7 w - - 3 34,e2d2 c5b4 c2c3 d4c3 b2c3 e3c4 d3c4 g4d4 d2e2 d4c4,2950,advantage endgame pin veryLong
2r2k2/1R4p1/4KbP1/8/5P2/8/1p6/8 b - - 3 44,c8c6 e6d7 c6c8 d7c8 f8e8 b7b6 e8e7 f4f5 b2b1q b6b1,2950,crushing defensiveMove endgame quietMove veryLong
r7/r4pk1/4q1p1/1R2PpQp/2pp1P1P/P7/2P3P1/1R4K1 b - - 1 30,a7a3 b5b8 a3a1 g1h2 a1b1 b8a8 e6c6 g5d8 c6a8 d8a8,2951,crushing endgame veryLong
8/8/2P1n1P1/8/3P4/4P1KP/pk6/N7 w - - 1 51,g6g7 e6g7 h3h4 b2a1 h4h5 g7f5,2951,crushing endgame knightEndgame long trappedPiece
1r4k1/p2n2rb/2n1R3/3p2NQ/2pP3P/2P3P1/q4P2/2R3K1 b - - 0 32,b8b1 h5e8 d7f8 e6f6 b1c1 g1h2 a2a3 g5e6 g8h8 e6f8 g7g8 f6f7,2951,advantage master middlegame sacrifice veryLong
8/8/p3p3/5kpp/P7/4KPP1/7P/8 b - - 0 38,e6e5 h2h3 f5e6 a4a5 e6f5 e3d3 h5h4 g3h4 g5h4 d3e3,2952,crushing defensiveMove endgame pawnEndgame quietMove veryLong zugzwang
4rb2/pppk4/2q5/3b1p2/5P2/3P3Q/PP1P2PP/R1BK1R2 w - - 0 20,h3f5 d5e6 f5a5 e6g4 f1f3 e8e6,2952,advantage clearance defensiveMove long middlegame pin
7r/p1RQ4/5qpk/8/6P1/4rp2/PP3R1p/7K w - - 0 36,f2h2 h6g5 c7c5 g5f4 d7c7 e3e5 c5e5 h8h2 h1h2 f6h4 h2g1 h4g4,2952,attraction crushing endgame exposedKing sacrifice veryLong
2k1r3/p1p2pp1/q4n2/3p2p1/P5Pr/1QP2P2/8/1R1R1BK1 b - - 1 30,a6d6 b3b8 c8d7 f1b5 c7c6 b5c6 d6c6 b8a7 d7d6 b1b6,2952,advantage middlegame pin queensideAttack veryLong
r4r2/pp3pk1/6b1/3Q3P/3p4/3P4/1qPK1PB1/4R2R b - - 0 23,g6d3 d2d3 b2c3 d3e2 a8e8 g2e4 f7f5 e2f1 f5e4 d5g5,2953,advantage hangingPiece middlegame veryLong
8/5k1p/3r2pP/1PqPRp2/3n4/8/1Q4P1/1B5K b - - 0 40,d4b5 e5e2 c5c3 b2b5 c3c1 h1h2,2953,advantage endgame long quietMove
r5k1/5pp1/7p/2PQ4/1qpR4/8/5PPP/r4RK1 w - - 2 31,d5c4 a1f1 g1f1 b4b1 f1e2 b1b2,2954,attraction crushing endgame long
r5k1/pp2rpp1/8/3Q1RpP/8/P1P3q1/2P3P1/2R4K w - - 1 24,f5g5 g3f4 c1d1 a8e8 g2g3 f4f2,2955,crushing endgame long quietMove
4r1k1/5pBp/5pn1/1pp1qN1Q/3pb1P1/r2P2R1/2P4P/2KR1B2 w - - 0 24,d3e4 a3a1 c1b2 d4d3 c2c3 a1a2 b2a2 e5c3,2955,crushing deflection discoveredAttack discoveredCheck middlegame queensideAttack sacrifice veryLong
8/8/6Qp/4p3/3q1p1P/4kPP1/6K1/8 w - - 0 52,g6h6 d4b2 g2h3 e3f3 h6h5 f3f2 h5h7 f4f3,2956,crushing deflection endgame master queenEndgame veryLong
4rrk1/pp4p1/3bR2p/3p1p2/3P2q1/2PB4/PPQN1P2/R4K2 w - - 1 21,e6e8 f8e8 d3f5 g4h5 f5h7 g8h8,2956,advantage long middlegame
r1b1kb1r/pppp2pp/2n5/3Q1P2/2B5/2N5/PqP1NPPP/4R1K1 b kq - 3 12,f8e7 d5f7 e8d8 f7g7 h8f8 e2f4,2957,crushing defensiveMove long middlegame
5rk1/Rp3pn1/3p2p1/3Np1q1/4P3/1r1P1Q1P/6P1/5RK1 b - - 1 21,g5d2 d5f6 g8h8 f6d7 b3d3 f3g4,2958,crushing long middlegame
8/p1R3k1/1p3qp1/5r2/PP6/3p1P1p/3QbBPP/6K1 b - - 3 31,g7f8 d2h6 f8e8 c7c8 e8d7 h6c1 f6d6 c8g8,2958,crushing endgame exposedKing quietMove veryLong
1k1r2r1/1pp2p2/5n2/QP1n1B1p/3P1qp1/1P6/1KP5/R3R3 b - - 2 26,c7c6 a5a7 b8c7 a1a6,2958,clearance crushing middlegame pin short
r3kb1r/ppp2ppp/8/3Np1N1/8/3PBP2/PPPQKP1P/q7 b kq - 1 16,a8c8 d2c3 f8d6 c3c4 h8f8 c4b5,2959,advantage long middlegame
8/pp6/8/4k3/1PPp1p2/3P1KnP/1P1N4/8 w - - 1 45,d2e4 g3e4 d3e4 a7a6 h3h4 d4d3 h4h5 e5f6 f3f2 f6g5,2959,crushing endgame knightEndgame quietMove veryLong
8/5p2/5Np1/2K4p/5P2/7P/6k1/8 w - - 0 56,f6h7 h5h4 h7g5 f7f6 g5e4 g2h3 c5d4 h3g2 f4f5 g6f5,2960,crushing endgame knightEndgame quietMove veryLong
3rr1k1/5ppp/p1q5/1p1pP3/1P1B1P2/2PQ4/P4K1P/6R1 b - - 5 26,c6c4 d3f5 g7g6 f5f6 d8c8 e5e6,2960,advantage endgame long
2kr4/pp2qp2/n1p3p1/5b2/3PP1p1/P1NQB1b1/1PP3Br/R4RK1 w - - 0 16,e4f5 e7h4 f1f2 a6c5 d3d2 d8h8,2960,advantage defensiveMove long middlegame quietMove
3Rr2k/p3Pr1p/4Rp1Q/2p2PpP/5q2/2P5/8/3K4 b - - 2 34,f4g4 d1c1 g4a4 e6a6 a4b5 a6d6 h8g8 d8e8 b5e8 d6d8 f7e7 d8e8,2961,attraction clearance crushing defensiveMove endgame pin veryLong
8/4kpb1/pq1pp1p1/2p1P1Qp/1rP2P2/3PB3/2r3PP/R4R1K b - - 2 30,e7e8 e5d6 b6b7 f4f5,2961,advantage master middlegame short
r7/pk1b4/1pp2Q2/2b4r/4P3/1BP4P/P4PP1/qN1R2K1 b - - 0 26,a8f8 d1d7 b7a6 f6c6 a1b1 g1h2 h5h3 g2h3 f8f2 h2g3 b1g1 g3h4 c5e7 d7e7,2961,crushing deflection hangingPiece middlegame veryLong
8/5p2/2k3p1/1p5p/5P1P/1K6/1P3P2/8 w - - 2 43,b3b4 c6d5 b4b5 f7f6 b2b4 g6g5,2962,crushing endgame long master pawnEndgame quietMove
5rk1/3B3p/4P1p1/1P3p2/P5nq/8/1Q4KP/4R3 w - - 1 33,g2f1 f5f4 e6e7 g4h2 b2h2 h4h2,2962,crushing endgame exposedKing long master quietMove
r1b5/pppp3k/2n3pP/4P3/4N3/8/PPPK3Q/q7 b - - 1 24,c6d4 e4g5 h7h8 h2f2 d4f5 f2c5 a1a2 e5e6 a2e6 c5c3 h8g8 h6h7,2962,advancedPawn crushing endgame sacrifice veryLong
3Rbr1k/1pq1r1b1/p6p/2BQ3P/5pp1/1BP5/PP4P1/3R2K1 b - - 1 36,e7e5 c5f8 e5d5 d1d5 c7b6 g1f1,2963,crushing defensiveMove long middlegame
7k/p5pp/8/6q1/1P2pr2/PQ1P1P2/4P1KP/5R2 w - - 1 26,g2f2 e4e3 f2e1 g5e5 f1g1 f4f3 e1d1 e5a1 d1c2 a1g1,2964,crushing endgame quietMove skewer veryLong
5rk1/P4pp1/4p3/4B3/3Pp2p/2QbP1Pq/5P2/2R3K1 b - - 0 29,h4g3 f2g3 f8a8 c3b2,2965,advantage defensiveMove endgame short
3r2k1/pR5R/5b2/1P1p4/P2Pp1qp/4PpP1/5P2/3Q2K1 w - - 0 33,d1f1 d8c8 g1h2 h4g3 f2g3 c8c2 h2h1 g4c8 h7d7 c2c1 f1c1 c8c1,2965,advantage clearance endgame pin quietMove veryLong
r5k1/5pb1/2RPp1p1/4P2p/p4B1P/8/5PP1/6K1 b - - 0 32,a4a3 d6d7 a8f8 f4e3 g7e5 c6c8,2966,advancedPawn crushing endgame long quietMove
1r6/5Qpk/4p1n1/P2pP1Pp/1PqP1P2/8/3BKR1P/8 w - - 11 34,e2e3 c4c2 f2f3 b8f8 f7e6 g6h4 g5g6 h7h6 e6d5 f8d8 d5e4 h4f5 e4f5 c2f5,2966,crushing defensiveMove endgame veryLong xRayAttack
8/p7/1p6/3k1P2/7p/PPP1K1r1/5R2/8 w - - 1 49,f2f3 d5e5 f3g3 h4g3 e3f3 e5f5 c3c4 f5e5 f3g3 e5d4 g3f3 a7a5 f3f4 d4c3 f4e5 c3b3 e5d5 a5a4,2966,crushing defensiveMove endgame quietMove rookEndgame veryLong
r4k2/6p1/2R2pP1/2pP1B2/2P5/p4P2/n4K2/8 w - - 0 38,c6c5 a2c1 d5d6 c1b3 c5c7 a3a2 c7f7 f8g8,2967,advancedPawn advantage endgame quietMove veryLong
2r5/3q1p1k/3p1Pp1/p2Pp2p/1p2P1PR/4Q3/PP2R1K1/2r5 b - - 0 34,c1c2 e3g5 c2e2 g2f3 d7g4 g5g4 c8c2 h4h5,2967,crushing defensiveMove endgame pin sacrifice veryLong
3Q4/p1p3bk/1p6/3Pqn1B/2P4P/3p1P2/PP1K2P1/3R4 w - - 12 32,d8e8 e5f4 d2e1 f4h4 g2g3 h4g3 e1f1 g3h3,2967,crushing endgame exposedKing veryLong
2rk2Q1/p1qn4/bp5B/3p4/3Pn3/P6P/1PB1rPP1/R5K1 b - - 8 33,d7f8 c2e4 e2e4 g8d5 c7d7 d5e4,2968,attraction crushing exposedKing fork long middlegame pin
6R1/8/8/6pp/4K1k1/6b1/8/8 w - - 0 66,g8c8 g3f4 c8c2 h5h4 c2g2 f4g3,2969,crushing defensiveMove endgame long quietMove
rn1q1rk1/1p3pp1/3p3N/1ppPb3/2P5/3B2P1/P2Q2PP/5RK1 b - - 0 20,g7h6 d2h6 f7f5 d3f5 e5d4 g1h1 f8f5 h6g6 d4g7 g6e6,2969,middlegame
r4b1r/pppk2p1/4p1n1/3P1q2/3QN2p/5PB1/PP3P1P/R3R1K1 b - - 0 17,e6d5 d4d3 d7d8 e4f6 f5f6 d3d5 f8d6 g3d6,2970,advantage deflection middlegame pin sacrifice veryLong
8/1p1k1p2/p3p1p1/2p1P1P1/2P1K1P1/P7/1P6/8 w - - 0 42,b2b4 d7c6 e4d3 c6b6 d3c3 c5b4,2970,crushing endgame long pawnEndgame
1q1r2k1/R4ppp/8/1p1Bp3/1P6/Q3P1Pb/5P1P/6K1 w - - 1 28,d5f7 g8h8 f7h5 b8c8 h5e2 c8c2 e2f1 c2d1,2970,advantage endgame pin quietMove veryLong
8/p7/1pp5/3k1pp1/1P1P4/P2K1P2/6P1/8 w - - 0 41,g2g3 g5g4 f3g4 f5g4 d3c3 a7a5 b4a5 b6a5 c3d3 a5a4 d3c3 c6c5 d4c5 d5c5 c3d3 c5d5,2971,crushing defensiveMove endgame pawnEndgame quietMove veryLong zugzwang
6k1/5p2/2Q2Kp1/4Pb2/3r1P2/3r1B2/8/8 b - - 7 48,f5e6 f3e4 d4e4 c6e4 d3a3 e4c6 g8h7 f4f5,2971,crushing endgame master veryLong
8/8/K1k3p1/4p3/4N2P/3p4/8/8 w - - 2 64,a6a5 c6d5 e4c3 d5c4 c3b1 e5e4 b1d2 c4d5,2973,crushing defensiveMove endgame knightEndgame quietMove veryLong
r3k2r/1b1p1p2/pB2pn2/P1p1q3/B1P1P1P1/8/6P1/1R1QR1K1 b kq - 0 22,f6e4 d1d7 e8f8 b6c7 e5g5 a4c6,2973,crushing fork long middlegame
2Q1R3/1p3p2/pk1r1q1p/P1pp4/6P1/6KP/8/8 b - - 0 38,b6a5 c8c5 a5a4 e8e2 d6c6 e2a2 a4b3 c5a3 b3c4 a2c2,2973,advantage endgame quietMove veryLong
4r1k1/7p/pR4p1/2p5/2qrppQ1/P6P/2P2PP1/1R4K1 b - - 1 33,e4e3 b6g6 g8h8 g4f5 h7g6 f5f6,2974,crushing endgame long sacrifice
4r3/4k1p1/p7/1p2P1Q1/2qp1P2/P7/nKP3P1/7R b - - 1 31,e7d7 g5g7 e8e7 g7g6 c4d5 g6f5,2974,crushing endgame long
1k2r1r1/ppp2R1p/2R1Q3/6P1/3p4/3P2q1/PP4B1/6K1 w - - 1 26,e6d5 g3e3 f7f2 g8g5 c6e6 g5d5 e6e8 e3e8,2974,crushing middlegame veryLong
5rk1/3q3p/1B4pP/2PPp3/2N1Pn1P/3Q4/3K4/8 w - - 7 41,d3g3 d7a4 g3c3 f4d5 e4d5 a4a2 c4b2 f8f2,2975,crushing endgame exposedKing master sacrifice veryLong
r1b3nr/1p1k1ppp/2nbp3/1Bp5/8/4BN2/PP3P1P/2KR3R b - - 1 15,b7b6 e3f4 e6e5 f4e5 d7c7 e5d6 c7b7 b5c6 b7c6 f3e5 c6b5 e5f7,2976,advantage attraction middlegame pin veryLong
5rk1/1p6/1n1p1ppP/1PpP2N1/p1P1q3/2Q4P/5P2/B5K1 b - - 1 28,e4d4 c3e1 d4f4 e1e6 g8h8 g5e4,2976,crushing endgame exposedKing long quietMove
r2qr1k1/1p2np2/pb4pB/3pPbN1/3n4/2NQ4/PPB3PP/R4R1K w - - 2 22,f1f5 e7f5 g2g4 e8e5 g4f5 e5f5,2977,capturingDefender crushing discoveredAttack long middlegame
8/8/8/p1p1k1p1/6Pp/4K2P/PP6/8 w - - 0 45,a2a3 a5a4 e3d3 e5f4 d3c3 c5c4,2978,crushing defensiveMove endgame long pawnEndgame quietMove
1nkr4/Qp4p1/1P5r/2Pp1p1b/5q2/5N2/P3PPB1/R4RK1 w - - 1 28,e2e3 h5f3 e3f4 h6g6 f1e1 g6g2 g1f1 g2h2,2979,crushing kingsideAttack middlegame pin sacrifice veryLong
2r3k1/4brPp/p2pbnR1/q3p3/2p1P3/2N1BP2/PPPQ4/N1K4R b - - 0 22,h7g6 e3b6 f6h7 d2h2 f7g7 b6a5,2980,crushing long middlegame
8/2p1k3/p1p5/4K3/3P4/PP6/8/8 b - - 0 33,e7d7 e5e4 d7d6 b3b4 d6e6 e4e3,2980,crushing defensiveMove endgame long pawnEndgame quietMove zugzwang
1k1r3r/ppp1bp2/8/3qpBp1/4N1P1/2P3p1/PPQ3P1/R3R1K1 w - - 0 22,e4g3 e7c5 g1f1 c5b6,2982,advantage defensiveMove middlegame short
8/2r5/8/5k1p/2pK2p1/6PP/2R5/8 w - - 0 47,h3g4 f5g4 c2c3 g4h3 d4e5 h3g2 e5f4 c7g7 c3c2 g2h3,2982,crushing endgame rookEndgame veryLong
8/4Q1pk/5p2/5q2/3P2pK/6P1/7P/8 w - - 2 42,e7e3 f5g6 h2h3 f6f5 d4d5 h7g8 e3e6 g6e6,2983,crushing endgame queenEndgame quietMove veryLong
b4qr1/p1kQ4/5pr1/2p1p2p/3pP2P/1P4PB/P4P1K/2R5 b - - 9 40,c7b6 a2a4 a7a5 b3b4 a8b7 c1c5 g8g7 d7e6 b6a7 c5a5 a7b8 e6b6 g6g4 f2f3 g7c7 f3g4,2983,crushing deflection middlegame pin quietMove veryLong
5r1k/ppp3bp/3r4/1Q1Pp1p1/1P2P1Pq/P4p2/1B3P1P/1R4RK w - - 1 27,b5c5 f8f4 c5c7 d6h6 c7b8 f4f8,2983,advantage long middlegame quietMove
4Q3/1p1r2q1/pkp5/8/3P1B2/2P5/PP3r1p/2KR3R w - - 0 35,f4h2 g7g2 e8e6 d7d5 h2c7 b6c7,2984,crushing long middlegame
r5k1/5p1p/1p4p1/4N3/1q1PP3/3Q2Pb/3R1P1P/6K1 w - - 5 27,f2f4 a8a2 e5f3 a2a3,2984,crushing endgame short
3rk2N/pp6/2p2q1p/4nbp1/BQ6/2N5/PPp3PP/R1B4K w - - 0 21,a4b3 f5e4 h1g1 e4g2 c1f4 g5f4,2985,crushing long middlegame
4r3/6k1/1b6/pp3PBR/4p1P1/2Pp3P/PP3K2/8 w - - 1 44,g5e3 b6e3 f2e3 e8d8 f5f6 g7f7 h5f5 d3d2,2986,advancedPawn advantage endgame quietMove veryLong
3r4/3qpk2/p1R4Q/8/3r1Ppp/8/PP4P1/2R3K1 w - - 10 38,h6h4 d4d1 g1h2 d7f5,2986,advantage endgame short
1k6/4b2P/7r/3K4/R3N3/p7/8/8 w - - 2 58,e4c5 h6h5 d5c6 h5c5 c6d7 c5h5 h7h8q h5h8 d7e7 h8h7 e7d8 h7h3,2986,crushing defensiveMove endgame veryLong
2R2rk1/3rbppp/4p3/4P1P1/1pR1N3/3P3P/1P2Q1K1/q7 b - - 3 34,a1b1 e4f6 e7f6 g5f6 f8d8 e2d2,2987,crushing long middlegame
8/4R1pp/p2R4/1p2P3/1b6/4k3/6PP/r2B2K1 b - - 2 33,b4d6 e5d6 e3d2 e7f7,2988,crushing discoveredAttack discoveredCheck endgame short
2kr3r/pp2n1p1/3p1p2/1B2n2p/8/BP2P2q/P1P2P1N/R2Q1RK1 w - - 2 17,b5e2 h8h6 e2f3 h6g6 g1h1 g6g4,2990,crushing defensiveMove long middlegame pin quietMove
2kr1b1r/pp2pppp/7n/q2pP3/1n3Pb1/PQ3N2/3PB1PP/RNB1K2R b KQ - 1 10,e7e6 a3b4 a5a1 e1f2 g4f3 c1b2 a1b2 b3b2,2992,advantage opening sacrifice trappedPiece veryLong
8/B2n3p/6p1/6P1/ppp1kPK1/8/PP6/4N3 w - - 0 38,g4g3 b4b3 a2b3 a4b3 e1f3 c4c3 g3f2 c3b2 f2e2 b2b1n,2993,advancedPawn crushing endgame promotion underPromotion veryLong
Q7/pppkqp2/3p4/4pp2/2B1PP2/2P3pb/PP3b2/R3R2K w - - 0 22,e1d1 a7a6 a8h8 h3g4,2996,crushing middlegame quietMove short
7k/2q1B1p1/5p1p/7P/4p3/3pQ1P1/3R1PK1/r7 w - - 0 51,e3e4 c7c1 g2h3 c1d2 e7f6 d2e1 f6g7 h8g7,2996,crushing endgame master veryLong
2rr2k1/p1n2pp1/2P4p/8/3p1KPP/P2R4/B7/2R5 b - - 0 35,c7e6 a2e6 f7e6 f4e5 d8d5 e5e6 c8d8 e6e7,2996,crushing endgame veryLong
5r1k/5p2/1q2pPpp/p2pP3/1p1Pn1P1/3QB3/P6P/2R3K1 b - - 1 29,h8h7 e3h6 h7h6 g1g2 e4f6 e5f6,2997,advantage endgame long sacrifice
k6r/Pp1qb1p1/P3p2p/8/2p5/4Q1P1/2Pr1P1P/R3R1K1 b - - 0 29,b7b6 e3b6 d7c8 a1a5 d2d6 b6b7 c8b7 a6b7,2997,advancedPawn crushing exposedKing fork middlegame quietMove veryLong
K7/PR6/6p1/6k1/8/8/8/1r6 b - - 1 51,b1e1 b7b8 e1a1 a8b7 g5f4 b8f8,2997,crushing endgame long quietMove rookEndgame
rnb3k1/ppbp1qp1/2p2np1/6B1/3R4/2N2Q2/PPP3PP/4R1K1 b - - 5 17,f6h7 f3f7 g8f7 d4e4 c7d6 g5e7,2998,advantage kingsideAttack long middlegame quietMove
3rk1r1/p2n1p2/qpQP2p1/4P2p/2P4P/6PB/P7/2R3K1 b - - 2 33,f7f5 e5f6 e8f8 c6e4 d8e8 e4f4 a6a3 f6f7,2998,advancedPawn crushing enPassant middlegame pin quietMove veryLong
8/p4k2/3P3p/3NPp2/P1p5/2P2P2/6K1/r7 b - - 2 42,a1d1 d5c7 d1e1 f3f4 a7a5 g2f3,2998,crushing defensiveMove endgame long quietMove
5rk1/1b1N1ppp/4p3/8/4q1P1/6PK/P2Q3P/R7 w - - 4 28,d7f8 f7f5 g4f5 e6f5 d2f4 e4g2 h3h4 g2h2 h4g5 h2h6 g5f5 h6f6 f5g4 h7h5 g4h3 b7c8 h3g2 f6b2 g2f3 c8g4 f3e4 b2a1,2998,crushing deflection endgame fork veryLong
5r2/4b2R/pkn2q2/2p1p3/2PpP3/3P2P1/1PN3BP/Q5K1 w - - 6 34,a1c1 f6f2 g1h1 f2e2 h7e7 f8f2 e7h7 e2d3,2999,advantage clearance middlegame sacrifice veryLong
8/8/6p1/2k2p1p/Kp5P/8/P4PP1/8 b - - 2 50,c5c4 f2f4 c4c3 a4a5 b4b3 a2b3 c3b3 a5b5,3000,crushing defensiveMove endgame pawnEndgame quietMove veryLong zugzwang
8/5ppp/2k5/p7/P2K4/6PP/5P2/8 b - - 0 42,h7h6 g3g4 g7g6 h3h4 c6d6 d4c4,3000,crushing defensiveMove endgame long pawnEndgame quietMove
8/8/4k1p1/p2p1pP1/5K2/P3P3/5P2/8 w - - 0 37,f2f3 a5a4 e3e4 f5e4 f3e4 e6d6 e4e5 d6e6,3000,crushing endgame pawnEndgame quietMove veryLong zugzwang
8/8/2k2p1p/1p2p3/4K1PP/PP6/8/8 w - - 1 42,b3b4 c6d6 e4f5 d6d7 f5f6 e5e4 g4g5 h6g5 h4g5 d7e8,3001,crushing defensiveMove endgame pawnEndgame quietMove veryLong
5bk1/5pp1/Q2p1np1/8/2R2BP1/1B5P/PP2rPK1/4q3 w - - 1 27,f4g3 e2b2 c4d4 b2b1 b3d1 b1d1 d4d1 e1d1,3003,crushing middlegame veryLong
4k3/4b3/p1p1Kp2/PpP2P2/3P3p/2P4p/7B/8 b - - 0 39,e8d8 h2f4 d8e8 d4d5 e7c5 d5d6,3004,bishopEndgame crushing endgame long quietMove
8/3b1p2/1p1bp2p/4n1kP/3N1pP1/5B2/1P1NPP2/6K1 b - - 1 32,e5f3 d4f3 g5g4 d2c4,3005,advantage endgame master short
8/R7/1p2p1k1/6p1/2Pp4/3PnK2/P6b/6R1 w - - 0 40,a7a6 h2g1 f3g3 e3f5 g3g2 g1e3 a2a4 f5h4 g2g3 g6h5 a6b6 e3f4 g3f2 g5g4 b6b5 e6e5 f2e2 g4g3,3006,clearance crushing endgame exposedKing hangingPiece quietMove veryLong
5R1R/1p3k2/p1pq1pp1/5pP1/3p3P/P1P5/1P3P2/6K1 b - - 3 37,f7e7 f8e8 e7f7 e8d8 d6f4 h8h7 f7e6 d8e8,3006,crushing endgame queenRookEndgame veryLong
r3k2r/p3pp1p/1npp2pQ/q2nP3/1pbP4/5P1N/PPP3PP/1KNR1B1R w kq - 1 15,e5d6 d5c3 b2c3 a5a3 f1c4 b6c4,3006,crushing long middlegame queensideAttack sacrifice
2krb2r/2p4p/p1p1N1pn/3p4/5q2/1R6/P1P2PPP/1R4K1 b - - 0 22,f4e4 e6c5 e4e1 b1e1 d8d6 b3a3 e8d7 a3a6,3007,crushing middlegame veryLong
r4rk1/pb2q1pp/4p3/2p5/1nPpB3/1P3N2/P1Q2PPP/R3R1K1 w - - 1 18,e4h7 g8h8 c2g6 b7f3 g2f3 f8f6 g6e4 e7e8,3010,advantage defensiveMove middlegame veryLong
k6r/1b6/1QP5/pP6/4PP2/q4Nr1/5K1p/1R5B b - - 2 39,g3f3 h1f3 b7c8 c6c7 c8b7 b6d4,3013,advancedPawn crushing long middlegame
1r5k/3r2b1/p2Pq3/2R1P2p/3BBp1P/P4P2/7N/K6R b - - 8 39,b8b3 c5c8 g7f8 c8f8 h8g7 f8c8,3013,advantage defensiveMove exposedKing long middlegame
3r2k1/5p2/6p1/p4nQN/P1P4P/1P2nPP1/4BR1K/4q3 w - - 1 42,h5f6 g8f8 f6e4 d8e8 g5f4 g6g5 f4g5 e8e4,3013,crushing defensiveMove deflection middlegame veryLong
8/5N1R/2K2kp1/1P5r/8/8/8/6b1 w - - 5 51,h7h5 g6h5 f7d6 h5h4 b5b6 h4h3 b6b7 g1a7 d6b5 h3h2 c6c7 h2h1q b5a7 h1h2,3014,advancedPawn crushing endgame promotion quietMove veryLong
1k6/pp5q/3p2p1/4b3/2p1P1b1/2P1Q1P1/PP1R4/4K2B w - - 1 28,e3g1 h7h6 d2c2 e5g3 g1g3 h6h1,3014,crushing deflection endgame exposedKing long
4r1k1/R4p2/6p1/PPp5/5n1p/4N2P/1PR3PK/r7 w - - 1 33,b5b6 f4h5 a7d7 e8e3 b6b7 e3b3,3016,advantage endgame long quietMove
8/1p3k1p/2p3p1/1p3pP1/1P2PP2/P4K1P/8/8 w - - 1 37,e4f5 g6f5 f3e3 b7b6 e3d4 f7g6 h3h4 g6h5 d4e5 c6c5 e5f5 c5c4 f5e4 c4c3,3018,crushing endgame pawnEndgame quietMove veryLong zugzwang
2r5/p2R1kpp/1b2p3/4qp2/8/1Q4N1/Pr3PPP/5R1K b - - 1 25,f7g6 b3d1 h7h6 f1e1,3018,advantage middlegame quietMove short
8/4k3/2prBp2/pp3P2/3PK2p/PPP4P/8/8 b - - 2 40,d6e6 f5e6 e7e6 e4d3 e6f5 d3e3,3019,advantage defensiveMove endgame long
8/8/5k2/2p4K/1pPp1PB1/pP2p3/P7/8 w - - 0 62,g4e2 f6f5 h5h4 f5f4 h4h3 d4d3 e2d3 f4e5 h3g3 e5d4 d3f5 d4c3,3021,bishopEndgame crushing endgame master veryLong
8/7p/1ppk2p1/5PP1/1PP1K3/8/8/8 b - - 0 40,g6f5 e4f5 d6e7 f5e5 e7f7 e5d6 f7g6 d6c6 g6g5 b4b5,3022,crushing defensiveMove endgame pawnEndgame veryLong zugzwang
q4rk1/2p2pp1/p1P4n/Np5Q/5P2/r7/3R3K/6R1 b - - 1 36,f8d8 d2g2 g8h8 h5e5 h6g4 g2g4,3024,advantage long master middlegame
8/8/r7/P5Rp/2p1p2k/1p6/1P1B2Pb/1K6 b - - 0 39,h2c7 g5g8 c7a5 d2f4 a5e1 f4c7 a6a8 g8a8,3025,crushing endgame quietMove veryLong
8/5pk1/2p3p1/1p2p1Pp/1q2P2P/8/rPP3PK/3Q1R2 b - - 2 32,a2b2 d1d8 b4c4 f1d1 b2c2 d8f6 g7h7 d1d8,3026,clearance crushing defensiveMove endgame quietMove veryLong
5r2/4kPRK/8/1p6/8/8/8/8 w - - 7 56,g7g5 f8f7 h7g6 b5b4 g5g4 f7f6 g6g5 b4b3 g4b4 f6f3,3026,crushing defensiveMove endgame quietMove rookEndgame veryLong
rnbq1rk1/pp3pp1/4p2p/2pp3Q/7P/1BPP4/P1P2P2/R1B1K2R b KQ - 1 14,b7b5 c1h6 d8f6 h6g7 f6g7 e1e2 g7h7 a1g1 g8h8 h5f3 f7f6 g1g5,3027,advantage clearance middlegame veryLong
5rk1/p2b3p/3P1ppB/3pp3/7P/5Q1N/Pq2r1P1/5R1K b - - 1 28,f8f7 f3d5 b2b5 d5a8 d7e8 f1c1 f7b7 c1c8 b5b1 h3g1 e2e4 c8e8 g8f7 e8e7 b7e7 a8f8 f7e6 f8e7,3028,attraction clearance crushing kingsideAttack middlegame pin quietMove veryLong
3r4/2n2pk1/3r1np1/p1qPB2p/1p3Q2/1P3P1P/P1PR2P1/3R3K b - - 5 32,c7b5 g2g4 b5c3 g4h5 g7g8 e5f6,3028,advantage long middlegame pin
1rb2rk1/6pp/1qNp4/1p2ppb1/4P3/2P5/1P3PPP/R2QKB1R w KQ - 2 18,d1d5 g8h8 c6b8 f5e4 f1e2 b6f2 e1d1 f2e3 b8d7 c8d7 d5d6 f8d8 h1f1 h8g8,3030,attackingF2F7 crushing defensiveMove master middlegame quietMove sacrifice veryLong
r2qrk2/1b3ppQ/p1pb4/1pp2PN1/4P3/P7/1PP3PP/R4RK1 b - - 0 18,d6e5 f5f6 e5f6 h7h5 d8d4 g1h1 g7g6 h5h6,3030,advantage middlegame veryLong
5Q2/p1nk1N2/1q2p3/3pP2p/2pP3P/2n2P2/P4NK1/8 b - - 6 32,b6d4 f8d6 d7c8 d6e7 c8b7 f7d8,3030,advantage endgame long
2r5/3q4/4pk1R/3p1p2/Pp1N1Pp1/1P1pP1P1/5K2/2R5 b - - 1 36,f6g7 c1h1 c8c2 d4c2 d7c6 c2d4 c6c3 d4e6 g7f7 e6g5 f7e7 h6h7 e7d8 h7h8,3032,crushing endgame exposedKing quietMove veryLong
7R/8/5pp1/7p/6k1/4K1Pn/8/8 w - - 2 59,h8g8 g6g5 g8g6 g4g3 g6f6 h5h4,3033,crushing defensiveMove endgame long quietMove
r6n/1Q3pk1/3N1p2/3PpP2/1P2P3/6Pp/q6P/5RKB w - - 3 31,b4b5 a8a3 f1e1 a2d2 g1f1 d2d3,3036,crushing long middlegame
1kr5/pq6/1p6/5p1p/PP1R4/2P1pP1P/2Q2P2/6K1 w - - 0 30,f2e3 c8g8 g1f2 b7g7 c2d1 g7g2 f2e1 g2h1 e1d2 g8g1 d1g1 h1g1,3037,advantage clearance endgame exposedKing veryLong
8/4R3/8/8/K7/1P6/2krp3/8 b - - 2 67,d2d1 e7e2 c2c3 e2e3 c3d4 e3e6 d1a1 a4b4,3037,advantage endgame quietMove rookEndgame veryLong
2k4r/p1p3q1/P4p2/2p5/Q1NP4/2P2K1P/6p1/R7 w - - 0 28,a1g1 h8h3 f3e2 g7g6 c4d6 c8d8 a4e8 g6e8 d6e8 d8e8 g1g2 h3c3,3038,crushing endgame exposedKing quietMove veryLong
8/8/8/2P5/5r2/2K2pk1/8/5R2 w - - 2 48,f1g1 g3h3 c3d3 f3f2 g1d1 f4g4,3038,advancedPawn crushing defensiveMove endgame long rookEndgame
8/8/5kp1/5p1p/5P1P/2q3P1/1pBp3K/3Q4 w - - 6 48,c2a4 c3d4 a4c2 d4f2 h2h3 f2e1,3039,crushing endgame long
r7/4RP2/2p5/3kP3/4p2p/2p5/2K2P2/8 b - - 0 43,a8f8 e5e6 h4h3 e7e8 h3h2 e8f8 h2h1q f8b8 h1a1 f7f8q,3041,advancedPawn clearance crushing endgame master promotion quietMove rookEndgame veryLong
1r6/1P6/2Pn2k1/p7/8/1KN1R3/PP4r1/8 b - - 2 32,d6f5 e3e4 g6f7 c3b5,3043,crushing defensiveMove endgame quietMove short
8/8/1p1p4/pP1P1N1p/P1P1np2/3k1K2/8/8 b - - 3 47,d3c4 f3e4 c4c5 f5e7 c5b4 e7c8 b4a4 c8d6 h5h4 e4f5 a4b3 d6e4 a5a4 d5d6,3043,crushing endgame hangingPiece knightEndgame quietMove veryLong
1rr4k/pp3p1p/4bP2/q3pp2/3n4/P1N4Q/1PP2P1P/1K1R1BR1 b - - 0 21,f5f4 h3h5 c8c3 f1d3 c3d3 d1d3,3045,crushing long middlegame sacrifice
1k3r1r/pp6/q2pQ1p1/4n3/6p1/2P1P1P1/PP4BP/R1B3KR w - - 1 22,a2a4 a6d3 e6d5 f8f1 g2f1 d3d5,3045,crushing deflection long middlegame
5rk1/1R3p2/4bP2/p1R4B/8/6K1/rp6/8 b - - 3 35,a5a4 h5f3 a2a1 c5g5 g8h8 g5h5,3047,crushing endgame long quietMove
8/p1Pk3p/2rP2p1/1K6/1B4P1/P4P2/2P5/8 b - - 2 36,c6c2 g4g5 c2g2 b5a6 g2g5 a6a7 g5g1 a7b7 g1c1 a3a4,3048,crushing defensiveMove endgame quietMove veryLong
8/8/4k1p1/2P3r1/PR6/3K3p/8/8 w - - 0 39,b4h4 g5h5 h4e4 e6f6,3049,crushing defensiveMove endgame rookEndgame short
6k1/b3q1p1/p1p2rpp/3Pp3/B7/2P3NP/Pr3PP1/R2QR1K1 w - - 0 22,a4c6 f6f2 g1h1 e7h4 e1e2 b2e2 g3e2 h4e4 d1g1 f2e2,3050,crushing middlegame veryLong
8/8/q5p1/3Qpk2/5p2/P1P2P2/KP6/8 w - - 0 40,d5d7 a6e6 d7e6 f5e6 a2b1 e5e4 b1c1 e4f3 c1d2 e6f5,3051,advantage defensiveMove endgame queenEndgame veryLong
r3r1k1/pp2ppbp/6P1/3p4/8/3RQN2/q4PP1/4R1K1 b - - 0 22,f7g6 e3e6 g8h8 f3h4,3057,advantage middlegame short
2kr4/ppp3p1/2pq4/2b2P2/3P2K1/2P3p1/PP2BP1r/RNBQ1R2 w - - 1 16,c1f4 h2h4 g4h4 d6f4 h4h3 c5d6 e2h5 g3f2 d1f3 f4h2,3057,advancedPawn advantage attraction deflection middlegame quietMove sacrifice veryLong
Q7/5pkp/3b2p1/2pP4/2P1pn2/B6P/3q1PP1/1R2NK2 w - - 3 40,a8a7 d2e2 f1g1 e4e3 f2e3 e2e3 g1h1 e3f2 a3c5 d6c5 a7c5 f2c5,3059,crushing middlegame veryLong
8/5p1p/6p1/2kpP1P1/5P1P/pK2P3/8/8 b - - 1 52,a3a2 b3a2 c5c4 a2b2 d5d4 e3d4 c4d4 b2b3,3060,crushing defensiveMove endgame pawnEndgame veryLong
4k2r/1b2Bpb1/p2p2p1/1p4Qp/2q1P2P/n1N2P2/KPP3P1/3R3R w k - 2 23,a2a3 b5b4 a3a4 g7h6,3062,advantage fork middlegame short
r4r1k/1b4pp/p7/1p3p2/4P3/P3BPQ1/1q5P/1B1R3K b - - 1 27,f5e4 e3d4 b2d4 d1d4 e4f3 h1g1 f3f2 g1f1 a8c8 d4f4,3068,advantage middlegame veryLong
8/3bQ1pk/4q2p/1p3p1P/1PpPpP1K/4P3/5P2/4B3 w - - 9 46,e7c5 d7e8 c5e5 e6f7 h4g3 f7h5 d4d5 c4c3 e1c3 h5f3 g3h2 f3f2,3068,crushing deflection endgame veryLong
r3k2r/2qn3p/b3P1p1/p2p2Q1/3n4/2p5/2B2RPP/R1B3K1 b kq - 0 23,d4c2 e6d7 c7d7 g5f6,3071,advancedPawn crushing master middlegame short
2br2k1/6p1/2q2p1p/1pBrp3/3P3P/6R1/1P1Q1PP1/4R1K1 b - - 1 30,e5d4 c5e7 d8e8 d2h6,3071,advantage master middlegame pin short
7k/ppp3b1/4Bn1p/3P2p1/1BP1p3/1PQ3P1/P5KP/3q4 w - - 4 30,c3e1 d1f3 g2g1 f6d5 b4c5 d5c3 e1f2 g5g4 f2f3 g4f3,3075,crushing endgame quietMove veryLong
6rr/1pp2pk1/p3bR2/3pP1q1/3N4/1PPP2nP/1P4P1/R3Q1K1 w - - 10 25,f6e6 h8h3 g2h3 g3e4 g1f1 g7f8 f1e2 g5g2 e2d1 g2b2,3077,advantage discoveredAttack discoveredCheck middlegame sacrifice skewer veryLong
8/3rq1k1/1R4pp/1P6/8/p4NP1/Qb3P1P/6K1 w - - 0 37,b6c6 e7e4 a2b3 d7f7 g1g2 g6g5 h2h3 h6h5 b3e3 e4e3,3081,clearance crushing endgame pin quietMove veryLong
3r2k1/R7/6pp/6n1/PP2p1b1/2bp2P1/3N1P1K/1R2B3 w - - 5 42,b4b5 e4e3 f2e3 c3d2,3086,crushing master middlegame short
r1r3k1/ppq3bQ/4p2p/4n3/3p4/2P5/PBB2PPP/4R1K1 b - - 2 24,g8f8 b2a3 f8f7 c2d1 c8h8 d1h5 f7f6 h7e4,3091,advantage exposedKing middlegame quietMove veryLong
7r/2q1k2p/R4pp1/2bp4/4nP2/1rPNP2Q/7P/1N3RK1 b - - 0 22,e7f7 b1d2 c7c8 h3c8 h8c8 d2b3,3092,crushing long middlegame
8/5p1K/4k1p1/8/7P/8/6P1/8 b - - 7 64,e6e7 h7g8 e7e6 g2g3 e6e7 g8g7,3095,crushing endgame long master pawnEndgame quietMove zugzwang
r4n2/8/q1b1k1p1/1p1p1pQB/1PpP4/2P4P/6PK/5R2 b - - 0 32,g6h5 g5f5 e6e7 f5g5 e7d7 f1f7 d7c8 f7f8 c8c7 g5e7 c6d7 e7e5 c7b7 f8f6 a6f6 e5f6,3095,crushing endgame interference veryLong
8/8/1pkr1p1p/p4Pp1/P1K3P1/1P2R2P/8/8 w - - 10 39,e3e6 d6e6 f5e6 c6d6 c4b5 d6e6 b5b6 f6f5 g4f5 e6d6 b6a5 h6h5 a5b4 g5g4 h3g4 h5h4,3097,crushing defensiveMove endgame quietMove rookEndgame sacrifice veryLong
r5k1/1R6/3p2p1/1P1P1q2/4p1p1/1P6/5PPP/3Q2K1 w - - 0 32,g2g3 e4e3 f2e3 f5e4 d1c1 e4e5 b5b6 a8a1,3097,clearance crushing endgame master pin veryLong
6k1/1r1qrp2/P5p1/2b4p/8/2N5/1Q3PPP/1R4K1 w - - 0 31,b2b7 d7e8 g2g3 e7b7,3099,advantage discoveredAttack endgame quietMove short
1b1rr3/1k6/RPq5/3p1b2/1QPP1N1p/7P/R5P1/6K1 w - - 1 30,f4d5 d8d5 a6a7 b7c8 a7c7 b8c7 b6c7 d5d6,3107,advantage master middlegame veryLong
6k1/N4p2/2P5/3p2p1/P2P4/5bP1/2q2P2/4Q1K1 w - - 0 36,e1e8 g8g7 e8e5 g7h7 e5e1 g5g4,3108,crushing defensiveMove endgame long master masterVsMaster
8/8/p1k2rp1/2P2pRp/1K3P1P/4P3/2P5/8 w - - 4 41,c2c4 f6e6 g5g1 a6a5 b4c3 c6c5 g1a1 e6e3 c3d2 e3h3 a1a5 c5c4,3111,crushing deflection endgame rookEndgame veryLong
1rb2rk1/6bp/1qppp1p1/2n3P1/p3PP2/1PN2B2/P1PB3Q/2KR3R b - - 1 19,a4b3 h2h7 g8f7 c3b5 b6b5 d2c3,3113,clearance crushing long middlegame pin sacrifice
8/5p1B/8/p7/k7/P4bP1/3Kp2P/8 w - - 2 39,h7d3 a4a3 d3c4 a5a4 c4f7 a3b4,3114,bishopEndgame crushing defensiveMove endgame long quietMove
1k5r/1pp2p1q/p1n5/2bQ4/7N/2NP2r1/PPP2PB1/4RRK1 w - - 0 20,d3d4 g3g4 d5d7 h7h4 e1e8 h8e8 d7e8 b8a7,3125,crushing defensiveMove middlegame veryLong
8/8/6k1/2p5/2K2PPP/2P5/8/b7 b - - 2 47,g6f6 g4g5 f6f5 h4h5 a1b2 h5h6 f5g6 f4f5 g6h7 c4d5 b2c1 g5g6 h7h6 d5c5,3128,bishopEndgame crushing endgame exposedKing quietMove veryLong
8/6R1/1k6/5K1p/1p3B1r/8/P7/8 w - - 0 38,f5g5 h4g4 g5f6 g4f4 f6e5 f4g4 g7h7 b6b5 e5d5 g4g5 d5d4 b5a4 h7a7 g5a5,3165,crushing deflection endgame veryLong
8/6pp/8/6PP/8/2k3P1/p7/K7 w - - 2 51,g5g6 h7g6 h5g6 c3b3 g3g4 b3a3 g4g5 a3b4 a1a2 b4c3 a2b1 c3d2 b1b2 d2e3 b2c3 e3f4 c3d2 f4g5 d2e3 g5g6,3197,crushing endgame pawnEndgame veryLong
